Epic No,Epic Name,Feature No,Feature Name,Task,Acceptance Criteria
1,User Authentication and Authorization,1.1,Login Page,"As a user, I want to be able to access the login page to enter my credentials.","1. The login page should have input fields for username and password. 2. The login page should have a ""Login"" button to submit the credentials. 3. The login page should have a ""Forgot Password"" link for password recovery. 4. The login page should display appropriate error messages for invalid credentials."
1,User Authentication and Authorization,1.2,User Authentication,"As a user, I want to be able to authenticate my credentials to access the system.","1. Upon entering valid credentials and clicking the ""Login"" button, the user should be authenticated. 2. Upon entering invalid credentials, the user should not be authenticated and should see an error message. 3. The system should enforce password complexity rules during authentication."
1,User Authentication and Authorization,1.3,User Authorization,"As a user, I want to be authorized to access specific functionalities based on my role.","1. Users with the role of ""Admin"" should have access to all functionalities. 2. Users with the role of ""User"" should have limited access to certain functionalities. 3. Unauthorized users should not be able to access restricted functionalities. 4. The system should enforce role-based access control for different user roles.  UI for Warranty Product Field: ,"
1,User Authentication and Authorization,1.3,User Authorization,"As a user, I want to input warranty product details for a policyholder.","1. The UI should include fields for Policyholder's Name, Address Line 1, Address Line 2, City, State, Country, Postal Code, Mobile Number, Email, VIN, License Plate, Make, Model, Mileage, First Registration Date, and Maker Warranty End Date. 2. All fields should have appropriate validation rules (e.g., required fields, format validation). 3. The system should save the warranty product details accurately in the database. 4. The UI should provide feedback on successful submission of warranty product details."
2,Vehicle Warranty Management,2.1,Coverage selection for vehicle,"As a user, I want to be able to select the coverage plan for my vehicle so that I can choose the appropriate warranty option.",1. User should be able to see a list of available coverage plans for their vehicle. 2. User should be able to select one coverage plan from the list. 3. User should receive confirmation of the selected coverage plan.
2,Vehicle Warranty Management,2.2,Vehicle information capture,"As a user, I want to input my vehicle information so that the warranty plan can be tailored to my specific vehicle.","1. User should be able to input the following vehicle information: VIN, License Plate, Make, Model, Mileage, First Registration Date. 2. All fields should be validated for correct format and data type., 3. User should receive confirmation once all information is successfully input., , , ,"
2,Vehicle Warranty Management,2.3,Coverage plan options,"As a user, I want to view and select from different coverage plan options for my vehicle warranty.","1. User should be able to see a list of coverage plan options. 2. Each coverage plan option should display details such as coverage period, cost, and included services. 3. User should be able to select one coverage plan option. 4. User should receive confirmation of the selected coverage plan option."
3,UI Customization and Theme Selection,3.1,UI Configuration,"As a system administrator, I want to be able to configure the layout of the warranty product field UI.",1. The system administrator should be able to rearrange the order of the fields in the UI. 2. The system administrator should be able to add new fields to the UI. 3. The system administrator should be able to remove existing fields from the UI. 4. Changes made to the UI configuration should be reflected immediately.
3,UI Customization and Theme Selection,3.2,Customizable User Interface,"As a policyholder, I want to customize the appearance of the warranty product field UI to suit my preferences.",1. The policyholder should be able to choose a color scheme for the UI. 2. The policyholder should be able to select a font style and size for the UI. 3. The policyholder should be able to set a background image for the UI. 4. The customized UI settings should be saved for future visits.
3,UI Customization and Theme Selection,3.3,Theme Selection Options,"As a user, I want to be able to select from different themes for the warranty product field UI.","1. The user should be presented with at least three different theme options. 2. Each theme should have a distinct color scheme and layout. 3. The user should be able to preview each theme before selecting one. 4. Once a theme is selected, it should be applied to the entire UI consistently. 5. The selected theme should persist across sessions for the user."
4,Reporting and Analysis Enhancements,4.1,Reporting services integration,"As a system administrator, I want to integrate reporting services to generate comprehensive reports for analysis.",1. The reporting services should be able to pull data from the database accurately. 2. The reports should be customizable based on user preferences. 3. The integration should support scheduling of automated report generation. 4. Error handling mechanisms should be in place to handle any issues during report generation.
4,Reporting and Analysis Enhancements,4.2,CLUE Report generation,"As an insurance agent, I want to generate CLUE (Comprehensive Loss Underwriting Exchange) reports for policyholders.",1. The CLUE reports should include detailed information about the policyholder's claims history. 2. The reports should be generated in a standardized format. 3. The system should validate the accuracy of the data before generating the report. 4. CLUE reports should be accessible only to authorized personnel.
4,Reporting and Analysis Enhancements,4.3,Record Report generation,"As a claims adjuster, I want to generate detailed record reports for each claim filed.","1. The record reports should include information about the claimant, claim details, and resolution status. 2. Reports should be generated in a timely manner to assist in claim processing. 3. The system should ensure data privacy and security while generating record reports. 4. Record reports should be easily exportable for further analysis."
4,Reporting and Analysis Enhancements,4.4,Reliability Report generation,"As a quality assurance manager, I want to generate reliability reports to assess the performance of our services.","1. Reliability reports should include metrics such as uptime, response times, and error rates. 2. The reports should provide insights into the overall reliability of the system. 3. Historical data should be included in the reports for trend analysis. 4. Reliability reports should be generated on a regular basis for continuous monitoring."
4,Reporting and Analysis Enhancements,4.5,Sentiment Analysis integration,"As a customer service representative, I want to integrate sentiment analysis to understand customer feedback.","1. Sentiment analysis should be able to process customer feedback in real-time. 2. The system should categorize feedback into positive, negative, or neutral sentiments. 3. Sentiment analysis results should be used to improve customer service processes. 4. The integration should support multilingual sentiment analysis for a diverse customer base."
5,Vehicle Data Management,5.1,Fetching vehicle model factors,"As a user, I want to be able to fetch vehicle model factors so that I can analyze and compare different vehicle models effectively.","1. The system should provide a list of available vehicle models with their corresponding factors such as make, model, year, and price. 2. The user should be able to filter and search for specific vehicle models based on different criteria. 3. The system should display accurate and up-to-date information for each vehicle model factor."
5,Vehicle Data Management,5.2,API integration for vehicle data,"As a developer, I want to integrate APIs for fetching vehicle data so that I can access real-time information about vehicles.","1. The system should have APIs that allow developers to retrieve vehicle data such as make, model, year, and price. 2. The APIs should be well-documented and easy to integrate into external applications. 3. The system should handle API requests efficiently and provide timely responses."
5,Vehicle Data Management,5.3,Data validation and normalization,"As a user filling out warranty product information, I want the data to be validated and normalized to ensure accuracy and consistency.","1. The system should validate all input fields for the warranty product form, including Policyholder's Name, Address, City, State, Country, Postal Code, Mobile Number, Email, VIN, License Plate, Make, Model, Mileage, First Registration Date, and Maker Warranty End Date. 2. Data validation should include checks for required fields, data formats (e.g., email validation), and length restrictions. 3. The system should normalize data such as converting input to uppercase, formatting dates consistently, and standardizing phone numbers. 4. Error messages should be displayed for any validation failures, guiding users on how to correct the input."
6,Warranty Coverage Management,6.1,Standard based coverages,"As a policyholder, I want to view the standard warranty coverages available for my product so that I can understand the protection provided.","1. The system should display a list of standard warranty coverages available. 2. Each standard coverage should include details such as coverage type, duration, and exclusions. 3. Policyholder should be able to select a standard coverage option. 4. The system should calculate the premium based on the selected standard coverage."
6,Warranty Coverage Management,6.2,Coverage customization options,"As a policyholder, I want to customize my warranty coverage options to suit my specific needs.",1. The system should allow policyholders to add additional coverage options beyond the standard ones. 2. Policyholder should be able to adjust coverage duration and coverage limits. 3. The system should provide a summary of the customized coverage options before finalizing the selection. 4. Policyholder should be able to save and edit customized coverage options for future reference.
6,Warranty Coverage Management,6.3,Compliance with industry standards,"As a compliance officer, I want to ensure that the warranty coverages offered meet industry standards and regulations.",1. The system should validate that all warranty coverages adhere to industry regulations and standards. 2. Compliance officer should be able to review and approve new warranty coverage options before they are made available to policyholders. 3. The system should generate compliance reports showing the adherence to industry standards. 4. Any changes to industry standards should trigger a review of existing warranty coverages for compliance updates.
7,Rating System Enhancement,7.1,High level requirement of the Rating on the Factors,"As a system user, I want to understand the factors that contribute to the overall rating of a product.",1. The system should provide a clear list of factors that are considered in the rating calculations. 2. Each factor should have a description explaining its importance in the rating process. 3. The factors should be easily accessible to the user through the system interface.
7,Rating System Enhancement,7.2,Rating calculation logic,"As a system user, I want the rating calculation to be accurate and consistent based on the defined factors.",1. The system should accurately calculate the rating based on the input values for each factor. 2. The rating calculation should be consistent across different product entries. 3. The system should handle edge cases such as missing or invalid input values gracefully.
7,Rating System Enhancement,7.3,Factor weightage configuration,"As a system administrator, I want to be able to configure the weightage of each factor in the rating calculation.","1. The system should allow the administrator to set the weightage for each factor through a user-friendly interface. 2. The weightage configuration should be saved and applied to the rating calculation process. 3. The system should validate the total weightage to ensure it sums up to 100%. 4. Changes in factor weightage should reflect in real-time on the rating calculation results.  UI for Warranty Product Field: ,"
7,Rating System Enhancement,7.3,Factor weightage configuration,"As a system user, I want to input and view detailed information about a warranty product.","1. The UI should include fields for Policyholder's Name, Address Line 1, Address Line 2, City, State, Country, Postal Code, Mobile Number, Email, VIN, License Plate, Make, Model, Mileage, First Registration Date, and Maker Warranty End Date. 2. The UI should provide validation for mandatory fields and format checks for fields like Mobile Number, Email, VIN, and First Registration Date. 3. The system should store the entered warranty product information accurately and securely. 4. The UI should display the entered information for reference and editing purposes."
8,AI Integration for Warranty Product,8.1,Gen AI enabled features,"As a user, I want to be able to generate AI-enabled features for the warranty product field.",1. The system should be able to generate AI-enabled features based on the provided data fields. 2. The AI-enabled features should be accurate and relevant to the warranty product field. 3. The generated AI features should be displayed in a user-friendly format for easy understanding.
8,AI Integration for Warranty Product,8.2,AI-driven recommendations,"As a user, I want to receive AI-driven recommendations for the warranty product field.",1. The system should provide AI-driven recommendations based on the input data fields. 2. The recommendations should be tailored to the specific needs of the warranty product field. 3. The recommendations should be updated in real-time as new data is entered. 4. The system should provide explanations for the recommendations to enhance user understanding.
8,AI Integration for Warranty Product,8.3,AI-powered decision support,"As a user, I want AI-powered decision support for the warranty product field.",1. The system should provide AI-powered decision support to assist users in making informed decisions related to warranty products. 2. The decision support should take into account all relevant data fields provided by the user. 3. The system should provide clear reasoning behind the recommended decisions. 4. The AI-powered decision support should be customizable based on user preferences and requirements.
9,Industry Compliance and Regulatory Requirements,9.1,Industry standard compliance,"As a policyholder, I want to provide my personal information for industry standard compliance.","1. The system should have fields for Policyholder's Name, Address Line 1, Address Line 2, City, State, Country, Postal Code, Mobile Number, Email. 2. All fields should have proper validation to ensure accurate data entry. 3. The system should display appropriate error messages for missing or incorrect information."
9,Industry Compliance and Regulatory Requirements,9.2,Regulatory requirements implementation,"As a policyholder, I want to provide my vehicle information to meet regulatory requirements.","1. The system should have fields for VIN, License Plate, Make, Model, Mileage, First Registration Date, Maker Warranty End Date. 2. VIN and License Plate fields should have proper validation to ensure correct format. 3. The system should validate the Maker Warranty End Date against the First Registration Date. 4. The system should display relevant warnings if the vehicle information does not meet regulatory standards."
9,Industry Compliance and Regulatory Requirements,9.3,Certification process integration,"As a policyholder, I want to complete the certification process seamlessly.","1. The system should integrate with the certification process to validate the provided information. 2. Upon successful certification, the policyholder should receive confirmation of compliance. 3. In case of any issues during certification, the system should provide clear instructions on how to resolve them. 4. The system should maintain a log of certification activities for auditing purposes."
